,pred,gt
0,GERADE REGION TIEF REGION GEWITTER GEWITTER,GERADE RHEIN-PFALZ SAARLAND NORDRHEIN-WESTFALEN GEWITTER
1,WAHRSCHEINLICH SUED BESSER NORD,UNGEMUETLICH SUED BESSER ALS NORD
2,AB SUED WETTER WIND,AB MONTAG IN-KOMMEND WETTER WECHSELHAFT WIND
3,SONNE,REGION MEHR SONNE
4,TAG ZEHN GRAD BISSCHEN REGION ACHTZEHN GRAD,TAG ZEHN GRAD BISSCHEN BEWOELKT ACHTZEHN GRAD FLUSS IX
5,SONNTAG HAUPTSAECHLICH SONNE,SONNTAG UEBERWIEGEND SONNE
6,SONNTAG WEST NORDWEST WIEDER WOLKE BISSCHEN REGEN OST REGION FREUNDLICH,SONNTAG WEST NORDWEST WIEDER VIEL WOLKE BISSCHEN REGEN OST KOMMEN FREUNDLICH
7,WIND SCHWACH WEHEN,WIND SCHWACH WEHEN ZEIGEN-BILDSCHIRM
8,DIENSTAG WEST KOMMEN SCHAUER,DIENSTAG WEST MEHR WOLKE SCHAUER
9,NORD NACHT FUENF KUESTE GRAD GRAD,BAYERN WALD HEUTE ABEND MINUS FUENF FLUSS DREI GRAD
10,MITTWOCH SONNE NUR WEST SCHNEE DANN,MITTWOCH SONNE NICHT NUR WEST SCHNEE REGEN MISCHUNG DANN BEISEITE
11,WETTER MORGEN SEHEN ZEIGEN-BILDSCHIRM,JETZT WETTER MORGEN SAMSTAG ZEHNTE APRIL WIE-AUSSEHEN ZEIGEN-BILDSCHIRM
12,REGION KALT WIND STARK,IN-KOMMEND MEHR KUEHL WENIGER WIND STARK
13,DANN KOMMEN STARK GEWITTER GEWITTER,DANN KOMMEN SCHAUER STARK MIT GEWITTER
14,NACH MITTAG WEST WOLKE REGEN,NACH MITTAG NORDWEST WOLKE KOENNEN REGEN
15,SONNE TEMPERATUR,A HOCH KOMMEN SAMSTAG SONNTAG MEHR SONNE TEMPERATUR STEIGEN
16,SUED HOCH DRUCK RUHIG FREUNDLICH HERBST,SUED WAHRSCHEINLICH HOCH DRUCK RUHIG FREUNDLICH HERBST
17,SUED BISSCHEN REGEN SONST REGION FREUNDLICH,MITTWOCH SUED NORD BISSCHEN REGEN SONST REGION FREUNDLICH
18,VIERZEHN REGION WEST NUR GRAD,FUENFZEHN GRAD REGION SAUER LAND NUR SECHS GRAD
19,LUFT KUESTE HOCH MORGEN SONNE,LUFT DRUCK HOCH DESHALB MORGEN SONNE UEBERALL
20,HEUTE NACHT SECHS BIS DREIZEHN GRAD REGION ZEHN GRAD REGION BIS ZWANZIG GRAD,HEUTE NACHT SECHS BIS DREIZEHN GRAD TAG TEMPERATUR STEIGEN ZEHN GRAD ALPEN BIS FUENF ZWANZIG GRAD WEST
21,SUED NORD MAESSIG NORDOST STURM STURM,SUED SCHWACH NORD MAESSIG KUESTE STARK STURM
22,JETZT WETTER MORGEN FREITAG EINS ZWANZIG MAI,JETZT WETTER MORGEN FREITAG EINS ZWANZIG MAI
23,MORGEN NORD KUESTE,MORGEN NORD KAUM GEWITTER REGION SONNE
24,MORGEN ZWANZIG GRAD FLUSS FLUSS TROCKEN GRAD,MORGEN ZWEI GRAD REGION FLUSS NEUN GRAD
25,ZWANZIG SUEDWEST ZWANZIG GRAD,ZWANZIG BIS UEBER ZWANZIG GRAD
26,BLEIBEN STEIGEN,BLEIBEN HOCH TIEF HOCH TIEF
27,DANN SCHNEE TROCKEN DAZU STURM WEST KOMMEN,DANN REGEN VERSCHWINDEN WIND STURM WEST KOMMEN
28,MONTAG AEHNLICH WETTER HEISS,MONTAG AEHNLICH WETTER ABER BISSCHEN MEHR WARM
29,MORGEN TAG ACHTZEHN MAXIMAL DREI ZWANZIG GRAD,MORGEN TAG ACHTZEHN MAXIMAL DREI ZWANZIG GRAD
30,SKANDINAVIEN NORD WOLKE DEUTSCH KOMMEN,SKANDINAVIEN NORD WOLKE TIEF AUCH DEUTSCHLAND REGION KOMMEN
31,MITTWOCH WIND KOENNEN STURM REGEN,MITTWOCH WIND KOENNEN STURM REGEN
32,SUEDOST,SUEDOST MEISTENS TROCKEN
33,MORGEN HOCH LUFT VIEL SONNE,MORGEN AUCH HOCH LUFT VIEL SONNE
34,SAMSTAG DANN WECHSELHAFT IX REGEN BESONDERS NAH STURM,SAMSTAG SONNTAG DANN WECHSELHAFT IX REGEN BESONDERS SONNTAG KOENNEN STURM
35,NACHT NORD STURM AUCH WIND ORKAN,NACHT NORD MEHR STURM AUCH KUESTE ORKAN
36,SIEBEN ALLGAEU SECHSZEHN NORD,KUEHL SIEBEN GRAD ALLGAEU IX SECHSZEHN NORD
37,SCHOEN ABEND WEHEN,SCHOEN ABEND WUENSCHEN
38,NACHT STURM STURM KOENNEN,HEUTE-NACHT STURM KOENNEN
39,MORGEN ZWANZIG FUENF ZWISCHEN,MORGEN NORDWEST ZWEI SONST REGION MINUS FUENF ZWISCHEN EINS ZWISCHEN
40,KUESTE HEUTE NACHT REGEN REGION WOLKE TROCKEN,KUESTE HEUTE NACHT SCHNEE REGION WOLKE BISSCHEN TROCKEN
41,WIND SCHWACH MAESSIG,WIND SCHWACH MAESSIG WEHEN
42,SUED REGION NORD SEE MOEGLICH SCHNEE,SUED VIERHUNDERT SIEBENHUNDERT METER HOEHE MOEGLICH SCHNEE ENORM
43,MORGEN REGION WECHSELHAFT SIEBEN,MORGEN EINS ZWANZIG REGION BIS ACHT ZWANZIG
44,WENN NEBEL KUEHL FREUNDLICH,WENN NEBEL neg-HABEN FREUNDLICH
45,HEUTE HEUTE NACHT FROST GLATT VORSICHT FLUSS IX ACHT,MOEGLICH HEUTE NACHT FROST GLATT VORSICHT FLUSS MOEGLICH PLUS ACHT
46,DANN WOLKE TEIL FREUNDLICH TROCKEN MINUS FUENF ZWISCHEN MAXIMAL ZWANZIG GRAD,SONNTAG IX WOLKE TEIL FREUNDLICH TROCKEN MINUS FUENF ZWISCHEN MAXIMAL ZWEI GRAD
47,WEST SUEDWEST KOMMEN SCHAUER GEWITTER KOENNEN DEUTSCH WETTER DIENST WARNUNG,WEST SUEDWEST TIEF KOMMEN SCHAUER GEWITTER KOENNEN DEUTSCH WETTER DIENST WARNUNG
48,WIND MAESSIG SCHWACH SUED IX GEWITTER WIND KOENNEN,WIND MAESSIG SCHWACH REGION WENN GEWITTER WIND KOENNEN
49,OST SONNE MEHR MAXIMAL ZWANZIG SUED MAXIMAL ZWANZIG GRAD,OST REGION SONNE MEHR WARM MAXIMAL SECHS ZWANZIG SUED MAXIMAL SIEBEN ZWANZIG GRAD
50,NEBEL KUEHL,NEBEL KUEHL
51,KOMMEN TIEF KOMMEN,NORD EUROPA TIEF KOMMEN
52,SCHWACH MAESSIG WEHEN NORDOST,TAG SCHWACH MAESSIG WEHEN NORD NORDOST FRISCH MAESSIG WEHEN OST STARK WEHEN
53,TAG DANN SUED REGEN DANN IX GEWITTER,TAG DANN SUED SUEDOST REGEN NACH MITTAG IX AUCH GEWITTER
54,SOMMER ZWANZIG MINUS ZWEI GRAD REGION DEUTSCH LAND BISSCHEN WENIG SONNE ABER BISSCHEN REGEN,SOMMER ZWEITAUSEND ELF FAST VORBEI DEUTSCH LAND BISSCHEN WARM MEHR WENIG SONNE ABER ENORM VIEL REGEN
55,DANN TAG BLEIBEN SECHS GRAD IX REGION SCHLESWIG IX AUCH,UND TAG BLEIBEN KUEHL SECHS GRAD BAYERN IX REGION AUCH S+H IX AUCH
56,WIND WEHEN,WIND WEHEN MAESSIG WEHEN
57,TAG NORDOST SECHSZEHN B ZWANZIG GRAD,TAG NORDOST SECHSZEHN REGION IX DREI ZWANZIG GRAD
58,NACHT NORD EINS ZWANZIG GRAD,HEUTE NACHT MINUS ZWEI NORD MITTE MINUS EINS ZWANZIG GRAD
59,SONNTAG DICK REGION AUCH SCHAUER KOENNEN,SONNTAG SCHEINEN ALPEN AUCH SCHAUER MOEGLICH
60,HOCH HOCH KOMMEN KOMMEN MORGEN NORD VIEL SONNE TROCKEN,HOCH KOMMEN OST KOMMEN MORGEN DEUTSCH LAND VIEL SONNE TROCKEN
61,WOLKE KOMMEN IX NORDWEST NORDWEST KOMMEN,WOLKE REGION SCHAFFEN NUR NORDWEST KOMMEN
62,SAMSTAG NORD SCHAUER REGION FREUNDLICH SUED IM-VERLAUF REGEN,SAMSTAG NORD SCHAUER REGION FREUNDLICH SUED IM-VERLAUF REGEN
63,IX VIER ZWANZIG BIS GRAD,OST SUED BERLIN SUED DEUTSCHLAND VIER ZWANZIG GRAD BIS ACHT ZWANZIG GRAD
64,WETTER WETTER WIE-AUSSEHEN MORGEN ZWANZIG ZWANZIG,JETZT WETTER WIE-AUSSEHEN MORGEN DIENSTAG SIEBEN ZWANZIG JULI
65,BESONDERS NORD WIND STARK,BESONDERS NORDWEST WIND STARK
66,REGEN KOENNEN NACHT FROST ZEIGEN-BILDSCHIRM LEICHT FROST MINUS IX MINUS WEST FROST,SCHNEE WARUM HEUTE NACHT KALT ZEIGEN-BILDSCHIRM LEICHT FROST MINUS EINS BIS MINUS VIER NUR WEST FROST KEIN
67,SUEDOST REGION REGEN,SUEDOST SCHOEN REST neg-REGION SCHON REGEN
68,HEUTE NACHT IX NORDWEST REGEN SONST,HEUTE NACHT neg-KAUM NUR NORDWEST BISSCHEN REGEN SONST REGION RUHIG
69,WEST NACHMITTAG REGEN IX KOENNEN SCHNEE SCHNEE GEFRIEREN GLATT OST REGION FREUNDLICH,WEST TAG REGEN IX KOENNEN SCHNEE REGEN KALT FROST OST WOLKE BEWOELKT FREUNDLICH
70,SUED HEUTE NACHT TROCKEN IX KLAR ABER SONST REGION SCHAUER,OST SUED HEUTE NACHT TROCKEN AUCH KLAR DANN TEIL REGION SCHAUER
71,JETZT WETTER WIE-AUSSEHEN MORGEN SONNTAG WETTER,JETZT WETTER WIE-AUSSEHEN MORGEN SONNTAG ZEHNTE JANUAR
72,JETZT WETTER WIE-AUSSEHEN MORGEN SONNTAG SIEBEN ZWANZIG,JETZT WETTER WIE-AUSSEHEN MORGEN SONNTAG SIEBEN ZWANZIG SEPTEMBER
73,DANN KOMMEN SCHWUEL,WOCHE DANN HOCH KOMMEN WARM
74,SUED SCHWACH WEHEN ORKAN MAESSIG KUESTE OST STURM,SUED SCHWACH WEHEN IX MAESSIG KUESTE FRISCH OST STURM
75,HEUTE NACHT EINS GRAD MINUS SIEBEN NEBEL,HEUTE-NACHT IX EINS GRAD MINUS SIEBEN REGION
76,WOLKE WOLKE,MORGEN HAUPTSAECHLICH WOLKE VERSCHWINDEN IX
77,NORD BISSCHEN VERSCHWINDEN,DABEI NORD MEHR MILD
78,JETZT WIE-AUSSEHEN WETTER MORGEN DONNERSTAG VIER ZWANZIG NOVEMBER,JETZT WIE-AUSSEHEN WETTER MORGEN DONNERSTAG VIER ZWANZIG NOVEMBER
79,ABEND GUT,SCHOEN ABEND MACHEN GUT
80,KUEHL,KUEHL KOMMEN
81,KUESTE WOLKE REGEN,KUESTE BISSCHEN WOLKE ABER neg-REGEN neg-HABEN
82,MORGEN MEISTENS WOLKE IX,MORGEN UEBERWIEGEND WOLKE TROPFEN
83,REGION DIENST WARNUNG,DEUTSCH WETTER DIENST WARNUNG
84,NORDWEST IM-VERLAUF AUCH WOLKE DABEI GEWITTER REGEN,NORDWEST SPAETER AUCH WOLKE DANN DABEI GEWITTER SCHAUER
85,STERN NORD IX KOENNEN FROST,TAG KLAR STERN SEHEN KOENNEN FROST
86,MISCHUNG SCHNEE NEBEL SONNE BLEIBEN,MISCHUNG NEBEL HOCH NEBEL SONNE BLEIBEN
87,MORGEN WETTER WIE-AUSSEHEN FREITAG ZEHNTE JUNI,MORGEN WETTER WIE-AUSSEHEN FREITAG ZEHNTE JULI
88,VIEL FREITAG BLEIBEN WARM NASS SAMSTAG REGEN STARK,FREITAG BLEIBEN WARM NASS SAMSTAG DANN SUEDWEST REGEN UND KUEHL
89,MORGEN NORD REGION WETTER WECHSELHAFT SCHON AUCH DABEI,DAZU MORGEN NORD WETTER WECHSELHAFT SONNTAG AUCH MITTE
90,NACHT BIS DREI BIS PLUS VIER NORD PLUS FUENF,NACHT MINUS DREI BIS PLUS VIER NORD PLUS FUENF IX
91,MORGEN MAL SONNE SPEZIELL BERG,MORGEN MAL SONNE SPEZIELL ALPEN
92,SCHOEN ABEND,SCHOEN ABEND AUSRICHTEN
93,LIEB ZUSCHAUER GUT ABEND,LIEB ZUSCHAUER poss-EUCH GUT ABEND
94,ABEND,SCHOEN ABEND WUENSCHEN
95,HEUTE NACHT HIMMEL KOENNEN MINUS FUENFZEHN GRAD NORD VIERZEHN DREIZEHN GRAD,HEUTE NACHT KLAR HIMMEL KOENNEN MINUS FUENFZEHN GRAD NORDOST WEHEN MINUS DREI GRAD
96,TAG DREIZEHN VIERZEHN OST ELF FLUSS,AM-TAG DREIZEHN OST EINS ZWANZIG FLUSS
97,SUEDOST SCHWACH,SUEDOST SCHWACH WEHEN MAESSIG
98,NUR SUED FREUNDLICH,NUR SUED MEHR FREUNDLICH
99,WEHEN,WEHEN SCHWACH MAESSIG
100,DONNERSTAG KOMMEN,DONNERSTAG NEBEL AUFLOESEN WOLKE BEWOELKT HABEN2
101,NORDWEST AUCH AUCH TEIL IX REGEN,NORDWEST AUCH TEIL IX REGEN
102,WIE-AUSSEHEN IN-KOMMEND NORD SCHNEE SCHNEIEN NORD BLEIBEN WIND,WIE-AUSSEHEN IN-KOMMEND SONNTAG OST SPEZIELL SCHNEE NORD BLEIBEN WIND
103,IX WIND TEMPERATUR FUENF BIS DREIZEHN GRAD REGION,IX AUCH WIND DABEI TEMPERATUR FUENF BIS UNGEFAEHR DREIZEHN GRAD REGION
104,DAZU STURM NORD STURM,UND DAZU STURM NORD KUESTE STURM
105,MORGEN WETTER WIE-AUSSEHEN MITTWOCH WIE-AUSSEHEN,MORGEN WETTER WIE-AUSSEHEN MITTWOCH ZWEITE JUNI
106,BESONDERS MORGEN EIFEL ACHTZEHN BIS SIEBEN REGION,MORGEN WERT EIFEL ACHTZEHN BIS SECHS ZWANZIG LAND
107,FREITAG ACHT WOLKE SONNE SCHNEE SCHNEIEN,FREITAG MEHR WOLKE neg-SONNE NORDOST SCHNEE SCHNEIEN
108,HEUTE NACHT NORD GLATT,HEUTE NACHT DREIZEHN NORD VIER BERG
109,NORD MILD NEUN BIS VIERZEHN GRAD,ABER DAZWISCHEN REGION MILD NEUN BIS VIERZEHN GRAD
110,HEUTE WECHSELHAFT HOCH NORD KOMMEN KOMMEN WEST KOMMEN,SO GEWITTER VON HOCH IX REGION NORD EUROPA REGION WARM LUFT KOMMEN KUEHL LUFT WEST KOMMEN
111,DONNERSTAG SONNE TEILWEISE REGEN GEWITTER,DONNERSTAG SONNE TEILWEISE REGEN STARK GEWITTER
112,REGEN AUCH OST,TAG IX REGEN AUCH KOMMEN OST
113,TEMPERATUR SAMSTAG SONNTAG GLEICH,TEMPERATUR SAMSTAG SONNTAG IX GLEICH
114,VIER FUENF GRAD VIERZEHN GRAD WIND REGION,TAG FUENF GRAD NEBEL UND FUENFZEHN GRAD FOEHN REGION
115,WIND NORD SCHWACH MAESSIG WEHEN SCHWACH WEHEN,WIND NORD SCHWACH MAESSIG WEHEN SCHWACH WEHEN
116,MORGEN NORD BIS ZWANZIG REGION,MORGEN ZWANZIG GRAD NORD BIS ACHT ZWANZIG REGION
117,SUEDWEST DEUTSCH SUED REGEN KUESTE,SUEDWEST EUROPA SUED BEKOMMEN REGEN
118,NORD BESONDERS NORDOST SCHNEE KOENNEN SONNE GEWITTER SUEDWEST MEISTENS,TAG BESONDERS NORDOST ALPEN SCHAUER KOENNEN DANN SONNE WOLKE WECHSELHAFT SUEDWEST HAUPTSAECHLICH SONNE
119,MORGEN SCHWACH ZEIGEN-BILDSCHIRM,MORGEN SCHWACH MAESSIG ZEIGEN-BILDSCHIRM WIND
120,VIEL ABEND GUT,IHR WUENSCHEN ABEND MACHEN GUT
121,MORGEN REGION,FRISCH MORGEN ANGENEHM DEUTSCH LAND
122,REGION SONNE SEHEN KOENNEN,REGION KOMMEN SONNE SEHEN KOENNEN
123,NACHT TEIL WOLKE KLAR DANN SCHAUER GEWITTER,NACHT TEIL WOLKE TEIL KLAR SCHAUER GEWITTER
124,TAG IX ZWEI GRAD,ABER MILD MEHR MEER IX ODER SUEDWEST MINUS EINS MINUS ZWEI GRAD UNGEFAEHR MEHR
125,WEST REGION HEUTE NACHT VIER REGION HAUPTSAECHLICH WIND VORSICHT SEHEN,WEST REGION HEUTE NACHT FUENF GRAD REGION HAUPTSAECHLICH FROST MOEGLICH GLATT VORSICHT
126,NORD MORGEN SIEBEN BERG BIS VIERZEHN,NORD MORGEN SIEBEN REGION FLUSS BIS FUENFZEHN
127,WALD ZWANZIG GRAD SECHS,SCHWARZ WALD FUENF ZWANZIG C+M HARZ BIS SECHZIG C+M
128,IX NORD VIEL WOLKE NEBEL TROCKEN SONNE MOEGLICH,TAG VIEL WOLKE NEBEL BLEIBEN TROCKEN IX SONNE MOEGLICH
129,WIND SCHWACH WEHEN,WIND SCHWACH WEHEN
130,REGION SONNE WOLKE WECHSELHAFT BISSCHEN SUEDWEST MEISTENS SONNE MOEGLICH,NORD SONNE WOLKE WECHSELHAFT BISSCHEN SCHAUER SUEDWEST BESONDERS SONNE MOEGLICH
131,MONTAG NORD REGION REGEN REGION BESSER IM-VERLAUF REGION REGEN,MONTAG NORD REGION REGEN REGION BESSER IM-VERLAUF REGION REGEN
132,MORGEN DREISSIG GRAD BAYERN WALD KOMMEN,MORGEN DREI GRAD REGION BAYERN WALD IX ZWOELF KOELN
133,HEUTE NACHT NORD TEIL STURM BERG ORKAN,HEUTE NACHT NORD TEIL STURM BERG ORKAN
134,BIS NEUNZEHN GRAD KOENNEN,VIERZEHN BIS NEUNZEHN GRAD KOENNEN
135,NORD WOLKE FROST SUED,NORD NUR WOLKE FROST SUED
136,WETTER AEHNLICH NORDOST DEUTSCH WETTER DIENST,WETTER WARNUNG VON DEUTSCH WETTER DIENST
137,BERG MORGEN SCHNEE SCHAUER GEWITTER,BERG MORGEN NOCH REGEN IX SCHAUER NORD GEWITTER
138,WETTER WIE-AUSSEHEN MORGEN SONNTAG DIENSTAG,WETTER WIE-AUSSEHEN MORGEN SONNTAG VIERZEHN FEBRUAR
139,HEUTE ABEND NORDWEST WOLKE BISSCHEN,WOLKE HEUTE NACHT NORDWEST WOLKE BISSCHEN REGEN
140,REGEN AUCH ABER KUEHL,REGEN negalp-AUCH ABER KUEHL
141,MORGEN NEUN FLUSS,MORGEN ZEHN GRAD IX SIEBZEHN GRAD OBER FLUSS
142,DIENSTAG REGION SONNE WOLKE LOCKER TROCKEN,DIENSTAG UEBERALL VIEL SONNE WOLKE LOCKER TROCKEN
143,NORDWEST SCHAUER VERSCHWINDEN,NORDWEST SCHNEE SCHAUER VERSCHWINDEN
144,JETZT WETTER WIE-AUSSEHEN MORGEN SECHSTE OKTOBER,JETZT WETTER WIE-AUSSEHEN MORGEN SONNTAG SIEBTE OKTOBER
145,REGEN REGION IX TEILWEISE SONNE KOENNEN,REGEN REGION UND IX TEILWEISE AUCH SONNE DABEI
146,WIND WEHEN WEHEN FRISCH WEHEN STURM,WIND WEHEN FRISCH KOMMEN HOCH STURM
147,SUED WIE STERN SEHEN,SUEDWEST SOWIESO STERN KOENNEN SEHEN
148,MONTAG WEITER SONNE WEST SCHAUER GEWITTER,MONTAG WEITER SONNE WEST SCHAUER GEWITTER
149,TEIL REGEN TEIL REGEN HEUTE NACHT MOEGLICH REGEN EIS GLATT,WEST TEIL SCHNEE SCHNEIEN TEIL REGEN HEUTE NACHT MOEGLICH REGEN MIT EIS GLATT GEFAHR
150,NACHT NORD,NACHT VIERZEHN NORD SECHS ALLGAEU
151,REGION NORD NEBEL VIEL BISSCHEN STURM BERG STURM ORKAN KOENNEN,REGION WEHEN SUED VIEL FRISCH WIND BISSCHEN STURM BERG STURM ORKAN KOENNEN
152,NORD WOLKE REGEN,NORDOST TIEF KOMMEN WOLKE REGEN
153,TAGSUEBER WEST FREUNDLICH SONNE DABEI,TAG DANN WEST FREUNDLICH SONNE DABEI
154,IN-KOMMEND BLEIBEN LUFT DRUCK HOCH KOMMEN NEBEL HIMMEL SONNE,IN-KOMMEND BLEIBEN LUFT DRUCK HOCH KOMMEN BEDEUTEN NEBEL HIMMEL UND SONNE MISCHUNG
155,MITTWOCH,MITTWOCH NAECHSTE DASSELBE
156,SAMSTAG REGEN BERG TEILWEISE SCHNEE,SAMSTAG REGEN BERG REGEN TEILWEISE UMWANDELN SCHNEE SCHNEIEN
157,ABEND NICHTS,ABEND WUENSCHEN
158,SONNTAG BIS ZWEI GRAD MOEGLICH GEWITTER UNWETTER,SONNTAG BIS DREISSIG GRAD MOEGLICH WIEDER UNWETTER
159,JETZT WETTER WIE-AUSSEHEN MORGEN DIENSTAG WETTER WIE-AUSSEHEN,JETZT WETTER WIE-AUSSEHEN MORGEN DIENSTAG NEUNTE FEBRUAR
160,MITTWOCH WECHSELHAFT,MITTWOCH WECHSELHAFT
161,ABER FREUNDLICH OST KOMMEN,ABER JETZT OST KOMMEN SCHWUEL LUFT AUFZIEHEN
162,NORD SUEDOST HEUTE AUCH KOENNEN REGEN GEWITTER KOENNEN,NORD SUEDOST AUCH KOENNEN REGEN GEWITTER DABEI
163,SAMSTAG SONNTAG IX HOCH FLUSS SONNE AUCH TEIL SONST SOMMER TEMPERATUR,SAMSTAG SONNTAG HOCH SPANIEN IX VERBREITEN SONNE AUCH TEIL TATSAECHLICH SCHON SOMMER TEMPERATUR
164,HEUTE NACHT VIERZEHN GRAD NORD MAXIMAL NULL,HEUTE NACHT FLUSS VIERZEHN GRAD NORD MAXIMAL NULL
165,NACHT LIEB IX ZEIGEN-BILDSCHIRM,GUT ABEND LIEB DU ZUSCHAUER poss-EUCH
166,WETTER,DANN WETTER WECHSELHAFT
167,ICH LUFT WETTER GERADE,ICH OSTERN WETTER ZUFRIEDEN
168,NORDWEST KOMMEN VORSICHT GLATT,NORDWEST REGEN ODER SCHNEE VORSICHT GLATT KOENNEN
169,AUCH ZWISCHEN FREITAG KUEHL,AUCH BIS FREITAG WIEDER SINKEN KUEHL
170,REGION MORGEN ALLGAEU KALT VIER,REGION MORGEN SECHS BERG ALLGAEU KALT MINUS VIER
171,DEUTSCH REGION REGEN DABEI NORD DANN VERSCHWINDEN SONNE,MORGEN REGION REGEN DABEI NORD DANN AUFLOESEN DANN SONNE DABEI
172,SUEDWEST AUCH BISSCHEN WETTER,SUED NOCH BISSCHEN NOCH WETTER GUT WETTER
173,DONNERSTAG WECHSELHAFT,AUCH DONNERSTAG WEITER WECHSELHAFT
174,KOENNEN WARNUNG WAHRSCHEINLICH NORD,DIESE WARNUNG UNWETTER DEUTSCH WETTER DIENST
175,WIND WIND,WIND KOMMEN DANN SCHNEE WITTERUNG
176,AUCH DIENSTAG WOLKE REGEN ODER SCHAUER,AUCH DIENSTAG WOLKE MEHR REGEN ODER SCHNEE
177,REST REGION SONNE WOLKE GERADE BISSCHEN REGEN REGEN,REST REGION SONNE WOLKE NUR ORT BISSCHEN REGEN
178,HEUTE HEUTE NACHT ELF GRAD BIS SIEBZEHN FLUSS FLUSS,HEUTE NACHT ELF GRAD BERG ALLGAEU BIS SIEBZEHN FLUSS
179,TROCKEN REGEN SCHAUER GEWITTER,TROTZDEM BLEIBEN SCHAUER GEWITTER NOCH
180,MORGEN IX VIER GRAD DANN BIS ELF REGION FLUSS GRAD,MORGEN VIER GRAD REGION SECHS BIS ELF GRAD FLUSS BIS ZWOELF GRAD
181,WIND NORDOST WENIG REGEN STARK WEHEN,WIND NORD WEHEN WENIG UNTEN STARK WEHEN
182,MITTWOCH FRISCH KOENNEN NORD NORD STARK,MITTWOCH REGEN KOENNEN NORDWEST WAHRSCHEINLICH NORD STARK WIND
183,DONNERSTAG BIS SECHS ZWANZIG GRAD VIEL,DONNERSTAG BIS SECHS ZWANZIG GRAD VIEL SONNE
184,WARM,WOHER WARM
185,HEUTE HEUTE NACHT REGION BERG KOENNEN SEHEN BIS MINUS ZWEI ZWANZIG GRAD,HEUTE NACHT IX REGION NULL GRAD WENN STERN KOENNEN SEHEN BIS MINUS ZWEI ZWANZIG GRAD
186,SUEDOST SCHNEE,IN-KOMMEND SCHNEE
187,JETZT WETTER WIE-AUSSEHEN MORGEN SECHS ZWANZIG SEPTEMBER,JETZT WETTER WIE-AUSSEHEN MORGEN SONNTAG SECHS ZWANZIG SEPTEMBER
188,SUEDOST FREUNDLICH SONNE,SUEDOST poss-SEIN FREUNDLICH SONNE
189,HOCH,IM-VERLAUF FRUEH HERBST
190,HEUTE NACHT SIEBEN REGION SECHS ZWISCHEN,HEUTE NACHT SIEBEN SONST REGION SECHS ZWISCHEN EINS
191,WETTER WIE-AUSSEHEN MONTAG VIERTE,JETZT WETTER WIE-AUSSEHEN MORGEN MONTAG FUENFTE JULI
192,REGION HOCH KOMMEN KALT KOMMEN,SKANDINAVIEN HOCH KOMMEN KALT KOMMEN
193,STURM SONNE DABEI,STURM TAGSUEBER DABEI
194,MORGEN WEST TIEF KOMMEN OST KOMMEN REGEN,MORGEN WEST TIEF KOMMEN RICHTUNG OST AUFZIEHEN
195,MORGEN IX ZWANZIG MAXIMAL VIER GRAD,MORGEN DAENEMARK IX ZWANZIG MAXIMAL DREISSIG GRAD
196,JETZT WETTER VORAUS INFORMIEREN MORGEN DONNERSTAG ZWANZIG JANUAR,JETZT WETTER VORAUS INFORMIEREN MORGEN DONNERSTAG ZWANZIG JANUAR
197,TAG TEIL SEHEN GRAD NORD,TAG TEIL NUR EINS GRAD NORD SEE
198,WAHRSCHEINLICH DOCH SCHAUER,IX WIND UND SCHNEE STUFENWEISE GRENZE
199,MORGEN KOMMEN REGEN OST OST IX WOLKE TROCKEN,MORGEN FRUEH VERSCHWINDEN LANGSAM SCHNELL NORDOST BISSCHEN WOLKE BLEIBEN TROCKEN
200,WIND SCHON HABEN2 MITTE BERG SCHON IX,WINTER SCHON HABEN MITTE BERG SCHON WEISS BODEN
201,MORGEN NORD,MORGEN NORD FREUNDLICH
202,,NORD SCHAUER
203,WOCHENENDE IM-VERLAUF MONTAG TAG NORDOST KALT,WOCHENENDE IM-VERLAUF MONTAG DIENSTAG NORDOST DANN KALT
204,SCHOEN ABEND MACHEN GUT,SCHOEN ABEND poss-EUCH MACHEN GUT poss-EUCH
205,IX BERG NULL MINUS SECHS NORD FROST MILD,DRESDEN IX REGION BERG NULL MINUS SECHS NORD neg-FROST neg-HABEN MILD
206,SONNTAG BERG IX AUCH REGEN NORD SCHAUER MITTE MEHR FREUNDLICH,SONNTAG ALPEN IX AUCH REGEN NORD SCHAUER MITTE MEHR FREUNDLICH SONNE
207,LIEB ZUSCHAUER ABEND,LIEB ZUSCHAUER GUT ABEND
208,NORDWEST MEHR,NORD NORDWEST MEHR VIEL WOLKE
209,OST,GLEICH OST VIER GRAD
210,MORGEN WAS IX GRAD NORDOST,AUCH MORGEN WETTER SUPER neg-HABEN FUENF GRAD NORDOST MILD WO SUEDWEST
211,REGION SONNE SONNE WARM WEITER,MONTAG SONNE WARM WEITER
212,MORGEN MEISTENS SONNE,MORGEN MEISTENS SONNE
213,WETTER WIE-AUSSEHEN WETTER WARM DONNERSTAG MONTAG MEHR KUEHL,JETZT IM-MOMENT NACHT NOCH WARM IX MORGEN FRUEH MEHR KUEHL
214,SAMSTAG TATSAECHLICH SONNTAG WEST SCHAUER GEWITTER,SAMSTAG AUCH DANN SONNTAG WEST BISSCHEN SCHAUER GEWITTER
215,JETZT WETTER MORGEN FREITAG VIERZEHN,JETZT WETTER MORGEN FREITAG VIERZEHN MAI
216,NORD TAG LANGSAM TROCKEN SONNE FREUNDLICH SONNE DABEI UND WIND,NORD TAG REGEN KOMMEN NOCH-NICHT SONNE FREUNDLICH SONNE DABEI UND STURM WIND
217,DANN VIEL REGEN SUED REGEN GEWITTER,REGEN DANN MITTWOCH REGEN DONNERSTAG STARK REGEN
218,MORGEN SONNE WOLKE WECHSELHAFT NORD SONNE,MORGEN SONNE WOLKE WECHSELHAFT NORD REGION SONNE OFT
219,WETTER WETTER WIE-AUSSEHEN MORGEN MONTAG FEBRUAR,WETTER WIE-AUSSEHEN MORGEN MONTAG EINS ZWANZIG FEBRUAR
220,MORGEN BESONDERS REGION WEST REGEN REGEN KOENNEN,MORGEN BESONDERS NORD REGION UND WEST REGEN KOENNEN
221,GEWITTER STARK,REGEN GEWITTER STARK
222,MORGEN SUED SUEDWEST ZWANZIG UND PASSEN WIE SOMMER,MORGEN DREIZEHN REGION SUEDWEST IX VIER ZWANZIG GRAD PASSEN FAST WIE SOMMER
223,HEUTE NACHT KLAR HIMMEL SEHEN REGEN KOENNEN NEBEL,NORD HEUTE NACHT KLAR HIMMEL STERN KOENNEN SEHEN SUEDWEST REGEN KOENNEN NEBEL BEREICH
224,MORGEN WECHSELHAFT IX MORGEN BESSER,MORGEN WECHSELHAFT ABER IX MORGEN BISSCHEN BESSER RUHIG
225,WEHEN FRISCH SCHWACH MAESSIG BERG WIND,WEHEN WIND SCHWACH MAESSIG BERG FRISCH WIND
226,HEUTE NACHT TEMPERATUR MINUS DREI MINUS SIEBZEHN IX KLAR UNTER,HEUTE NACHT TEMPERATUR MINUS DREI MINUS SIEBZEHN WENN KLAR TIEF
227,WIND SCHWACH WEHEN,WIND SCHWACH MAESSIG IX WEHEN
228,FREUNDLICH BISSCHEN SCHAUER,FREUNDLICH BLEIBEN REGION SUED BISSCHEN SCHAUER
229,TAG MINUS DREI NORD PLUS VIERZEHN GRAD SUED,TAG MINUS DREI NORDOST PLUS VIERZEHN GRAD SUED
230,BERG SUED SCHNEE ZWANZIG GRAD REGEN,BERG MEISTENS SCHNEE REGEN BERG ABER SUED REGION REGEN UNGEFAEHR TAUSEND ZWEIHUNDERT IX SCHNEE
231,WIND SCHWACH WEHEN WEHEN,WIND SCHWACH WEHEN
232,NORDOST MORGEN SONNE,NORD MORGEN KOENNEN SONNE
233,REGION SCHNEE KOENNEN,KOMMEN IX KALT KOMMEN IX SCHNEE GLATT KOENNEN
234,IM-VERLAUF,IM-VERLAUF TEMPERATUR REGION
235,JETZT WETTER WIE-AUSSEHEN MORGEN DONNERSTAG,JETZT WETTER WIE-AUSSEHEN MORGEN DONNERSTAG VIERTE OKTOBER
236,AUCH STURM STARK WEHEN KOENNEN,AUCH WIND STARK STROEMEN REGION STURM ORKAN KUESTE KOENNEN
237,SUED SUED MITTE WOLKE MEISTENS NEBEL,TAG SUED MITTE WOLKE KRAEFTIG NEBEL
238,NORDWEST TIEF KOMMEN WOLKE WOLKE KOMMEN,IX NORD TIEF KOMMEN WOLKE KOMMEN
239,ZWEI TIEF KOMMEN IX IX IX,ZWEI TIEF
240,SONNTAG REGEN WENIG NORD REGION MOEGLICH SONNE,SONNTAG SCHNEE WENIG NORD REGION MOEGLICH SONNE
241,SONNTAG WAHRSCHEINLICH FREUNDLICH IM-VERLAUF WEST SCHNEE REGEN,SONNTAG WAHRSCHEINLICH FREUNDLICH IM-VERLAUF WEST SCHNEE SCHNEIEN REGEN
242,BERG IX DURCHGEHEND REGEN,BERG IX DURCHGEHEND REGEN
243,HEUTE NACHT NORD DEUTSCHLAND KLAR REGION KOENNEN SEHEN,HEUTE NACHT NORD MITTE KLAR STERN KOENNEN SEHEN
244,TAG IX LAND MINUS ACHT NORD DREI GRAD,TAG VOGEL LAND MINUS ACHT NORD MINUS DREI GRAD
245,SUEDOST REGEN VIEL,SUEDOST REGEN VIEL
246,NEUNZEHN IX WEST MITTE NORD TIEF KOMMEN REGEN IX,GROSSBRITANNIEN REGION FRANKREICH MITTE EUROPA REGION TIEF KOMMEN SCHNEIEN SCHNEE WENIG NUR IX
247,SUED FREUNDLICH,SUED MEHR FREUNDLICH
248,AUCH SAMSTAG IN-KOMMEND IX KOMMEN MEHR KUEHL,AUCH SAMSTAG NAECHSTE GLEICH IX KOMMEN MEHR KUEHL
249,TAG SO,ANDERE TEMPERATUR
250,WENN KLAR MOEGLICH NEBEL,WENN KLAR MOEGLICH NEBEL NORD
251,MORGEN BISSCHEN NORD MEHR BISSCHEN SCHNEE,MAL BISSCHEN SCHNEE NORD MEHR STARK SCHNEE
252,NORDWEST WOLKE MAL SONNE IX REGEN,NORDWEST WOLKE MANCHMAL SONNE BISSCHEN IX S+H IX REGEN
253,SUED MEISTENS TROCKEN BISSCHEN WOLKE MAL SONNE,SUED MEISTENS TROCKEN EINIGE WOLKE NEBEL MAL SONNE
254,MITTE NORD HEUTE NACHT REGEN,MITTE NORD HEUTE NACHT BISSCHEN REGEN IX
255,NAECHSTE WECHSELHAFT WOLKE TEIL REGEN,NAECHSTE WOCHE WECHSELHAFT WOLKE TEIL REGEN
256,AUCH HOCH BIS ABEND KOMMEN WOLKE,AUCH OBER FLUSS BIS ABEND MEHR WOLKE
257,WETTER WIE-AUSSEHEN MORGEN SAMSTAG SECHSTE,JETZT WETTER WIE-AUSSEHEN MORGEN SAMSTAG SIEBTE AUGUST
258,DANN STRASSE MILD DANN REGEN HIMMEL,ABER IN-KOMMEND MILD DANN WIEDER SCHNEE GRENZE AUF
259,HEUTE NACHT TEMPERATUR MINUS FUENF NORD EINS BERG FLUSS,HEUTE NACHT TEMPERATUR MINUS FUENF NORD BIS PLUS DREI WEST FLUSS
260,MITTWOCH KOMMEN KUEHL WECHSELHAFT SONNE WOLKE SCHAUER GEWITTER WEST,MITTWOCH SINKEN KUEHLER WECHSELHAFT SONNE WOLKE SCHAUER GEWITTER WEST
261,TAG SIEBEN NORD,TAG MINUS SIEBEN NORD NULL
262,REGEN VERSCHWINDEN,SONNTAG RUHIG VERSCHWINDEN
263,TEILWEISE REGEN BERG MOEGLICH SCHNEE,TEIL REGEN BERG MOEGLICH SCHNEE
264,FREITAG WIEDER KOMMEN REGEN STARK WIND,FREITAG DANN KOMMEN REGEN IX UEBERWIEGEND WIND
265,TAG EINS SYLT NEUN GRAD,TAG EINS ZWANZIG GRAD SYLT IX UND NEUN ZWANZIG GRAD REGION UND REGION
266,NORDWEST TIEF KOMMEN DANN SCHNEE GEFRIEREN,REGION LUFT TIEF KOMMEN DANN SONNTAG SCHNEE REGEN GEFRIEREN
267,SEHEN IN-KOMMEND MITTWOCH WOLKE IX KOENNEN REGEN WEST KOENNEN SONNE,WIE-AUSSEHEN IN-KOMMEND MITTWOCH BLEIBEN WOLKE IX KOENNEN REGEN WEST KOENNEN SONNE
268,REGION SONNE SCHAUER GEWITTER SUED IX ENORM REGEN STARK REGEN STURM,REGION SONNE SCHAUER GEWITTER SUED IX ENORM HAGEL STARK REGEN STURM
269,SAMSTAG UEBERWIEGEND SONNE NORD BISSCHEN,SAMSTAG HAUPTSAECHLICH SONNE NORD BISSCHEN REGEN
270,WARNUNG DEUTSCH WETTER DIENST WARNUNG INFORMIEREN,DARUM WARNUNG DEUTSCH WETTER DIENST WARNUNG INFORMIEREN
271,NACHT LIEB IX,GUT ABEND LIEB ZUSCHAUER
272,REGEN neg-HABEN,VIEL REGEN neg-HABEN
273,KUEHL SCHNEE REGION,AUCH SCHNEE KOMMEN
274,NORD BISSCHEN SCHAUER,NORDOST BISSCHEN SCHAUER ABEND AUFLOESEN
275,HEUTE BISSCHEN SCHNEE AUCH SEHEN GRAD METER LAND MITTE,SO VIEL SCHNEE ANFANG DEZEMBER TJA SELTEN BISHER WENN UEBER SICHT NULL FAST REGION DEUTSCHLAND REGION SCHNEE HABEN2
276,LOCH WOCHENENDE SCHAUER,KOMMEN LOCH ABER TROTZDEM SCHAUER
277,MEHR SCHNEE REGEN MOEGLICH AUCH MOEGLICH,MEHR SCHNEE SCHNEIEN MOEGLICH SCHNEIEN AUCH MOEGLICH
278,SPAETER REGEN REGION REGION,SPAETER REGEN UEBERALL REGION
279,MILD NORD AUCH ZWOELF ZWISCHEN SUED UNGEFAEHR VIERZEHN MAXIMAL SECHSZEHN GRAD,MILD NORD AUCH ZWOELF ZWISCHEN VIERZEHN SUED UNGEFAEHR VIERZEHN MAXIMAL SECHSZEHN GRAD
280,MONTAG AUCH WECHSELHAFT MEHR,MONTAG AUCH WECHSELHAFT UND MEHR KUEHL
281,WETTER MORGEN ELF GRAD WIE-AUSSEHEN ZEIGEN-BILDSCHIRM,JETZT WETTER MORGEN SONNTAG ZWOELF DEZEMBER WIE-AUSSEHEN ZEIGEN-BILDSCHIRM
282,ZEIT AUCH HAUPTSAECHLICH REGEN WEST WIEDER KUESTE,STUNDE AUCH MEISTENS REGEN ERST WEST DANN REGION
283,SUEDWEST BISSCHEN IX MOEGLICH SCHAUER GEWITTER,SUEDWEST DEUTSCH LAND BISSCHEN FEUCHT KOMMEN IX MOEGLICH SCHAUER GEWITTER WAHRSCHEINLICH
284,HEUTE NACHT AB MORGEN NORD BERG STURM STURM,HEUTE NACHT AB MORGEN NACHMITTAG NORD HARZ REGION STURM
285,BESONDERS ACHT REGION SACHSEN ACHTZEHN GRAD,ROSTOCK ACHT REGION LEIPZIG ACHTZEHN GRAD ZONE
286,BRAND SONNE FLUSS,ENDLICH SONNE ABER DEUTSCH KAUM
287,TROCKEN,TROCKEN ENORM
288,MORGEN TEMPERATUR ACHT BIS SECHSZEHN GRAD,MORGEN TEMPERATUR ACHT BIS SECHSZEHN GRAD
289,LUFT WETTER MORGEN DIENSTAG SECHSTE APRIL,JETZT WETTER MORGEN DIENSTAG SECHSTE APRIL
290,WIND SCHWACH NORD MAESSIG FRISCH SCHAUER KUESTE BERG STURM,SUED WIND SCHWACH NORD MAESSIG FRISCH SCHAUER KUESTE BERG TEIL STURM ORKAN
291,WOLKE HEUTE NACHT REGEN KOMMEN SUEDOST,WOLKE DABEI HEUTE NACHT KOENNEN REGEN KOMMEN SUEDOST REGEN
292,IX GEFAHR OST BESONDERS BESONDERS SUED BISSCHEN,IX KOENNEN GEFAHR GLATT BESONDERS MITTE REGION SUED DANN KALT
293,NORD REGEN WENIG KOENNEN,NORDWEST SCHNEE BISSCHEN KOENNEN
294,DONNERSTAG FREUNDLICH SEE SUEDOST TEIL,MONTAG VIEL REGION FREUNDLICH KUESTE SUEDOST KURZ WOLKE TEIL REGEN
295,IM-VERLAUF REGION WECHSELHAFT SCHNEE,UND IM-VERLAUF UEBERALL WECHSELHAFT MOEGLICH SCHNEE
296,NACHT DREIZEHN GRAD BERG NULL GRAD,NACHT SYLT DREIZEHN GRAD MITTE BERG TAL NULL GRAD
297,VIEL WOLKE KOENNEN REGEN GEWITTER KOENNEN,ES-BEDEUTET VIEL WOLKE UND KOENNEN REGEN GEWITTER KOENNEN
298,MORGEN KOMMEN KOMMEN SCHWARZ MITTE REGION NOCH NORDOST SCHON NEUNZEHN,MORGEN REGEN KOMMEN SCHWARZ WALD BERG REGION SCHNEE SIEBENHUNDERT FUENFHUNDERT METER BERG SCHON SCHNEE
299,TIEF BERG SCHWACH MORGEN OST OST SUEDOST,TIEF REGION SCHWACH MORGEN SOLL EINFLUSS OST REGION SUED
300,NORD DANN SCHAUER,REGION TEIL KLAR NORD GEBEN SCHAUER
301,MORGEN NORD REGEN SCHNEE BERG UND REGEN,MORGEN NORDOST NOCH REGEN SCHNEE REGEN BERG IX NOCH SCHNEE DURCHGEHEND
302,,SPAETER VERSCHWINDEN
303,LIEB ZUSCHAUER ABEND,LIEB ZUSCHAUER GUT ABEND
304,FRANKREICH WOLKE OST WEST REGEN,FRANKREICH KOMMEN WOLKE OST NIEDERSACHSEN BAYERN SUEDWEST REGEN
305,LIEB ZUSCHAUER ABEND,LIEB ZUSCHAUER GUT ABEND
306,NORD IX KLAR IX REGION ABER TEIL BISSCHEN REGEN HERZ BERG BAYERN,NORD DEUTSCHLAND IX KLAR LUFT IX NEBEL UND TEILWEISE BISSCHEN DAZWISCHEN REGEN HERZ BERG BAYERN REGION
307,PLUS SIEBEN GRAD WEST KOMMEN BISSCHEN FROST,IX PLUS SECHS GRAD VOR POMMERN REGION BISSCHEN FROST
308,NACHT GRAD BIS ACHTZEHN GRAD,HEUTE NACHT TEMPERATUR ELF BIS ACHTZEHN GRAD
309,REGION ABEND TROCKEN,REGION BIS ABEND TROCKEN
310,JETZT WETTER MORGEN DIENSTAG SECHS,JETZT WETTER MORGEN FREITAG SIEBEN ZWANZIG AUGUST
311,JETZT WETTER WIE-AUSSEHEN MORGEN SECHSZEHN FEBRUAR ZEIGEN-BILDSCHIRM,JETZT WETTER WIE-AUSSEHEN MORGEN MITTWOCH SECHSZEHN FEBRUAR ZEIGEN-BILDSCHIRM
312,TIEF DANN RUHIG MEHR MILD AUCH BISSCHEN SONNE,IX SUED DANN RUHIG MEHR TROCKEN AUCH BISSCHEN SONNE
313,MORGEN TAG SUEDWEST REGION BLEIBEN SO SCHNEE,MORGEN TAG IM-VERLAUF SUEDWEST REGION BLEIBEN SO MOEGLICH SCHNEE
314,DANN NORD WIND BERG STURM,DANN STURM WEHEN OST FRISCH WIND BERG KOENNEN STURM
315,DONNERSTAG GEWITTER,DAZU KOENNEN GEWITTER
316,SUEDOST KOENNEN UNWETTER REGEN STURM KOENNEN,SPEZIELL SUEDOST KOENNEN ORT UNWETTER REGEN HAGEL STURM KOENNEN
317,REGEN TEILWEISE SCHNEE REGEN UMWANDELN KOENNEN FROST,ZONE KOENNEN REGEN TEILWEISE SCHNEE REGEN UMWANDELN GEFRIEREN
318,NACHT GRAD VIER,NACHT TEMPERATUR VIER BIS NEUN
319,TAG SUED FREUNDLICH KOMMEN VIEL REGEN,TAG SUED FREUNDLICH UNTEN KOMMEN MEHR REGEN TROPFEN
320,KUESTE WIND,KUESTE WIND HABEN
321,FREITAG SAMSTAG NORD WIND REGEN SUEDOST SUED FREUNDLICH TROCKEN,FREITAG SAMSTAG NORD WIND REGEN SUED FREUNDLICH TROCKEN
322,REGION HEUTE,REGION SO
323,SUED REGION AUCH LANG,SUED NEBEL REGION KOENNEN LANG NEBEL
324,AUCH TAGSUEBER IX KUEHL,ABER TAGSUEBER IX MEHR KUEHL
325,GLATT IM-VERLAUF,BLEIBEN IM-VERLAUF
326,BERG ABER SUED WEITER REGEN GEWITTER,OST LANGSAM ABER SUED WEITER REGEN GEWITTER
327,SUEDWEST KOMMEN NORD STURM KOENNEN NORD STURM KOENNEN,SUED WEHEN IX WEHEN KOENNEN STURM KOENNEN NORD SCHWER STURM
328,AB DIENSTAG STURM KOENNEN,AB DIENSTAG STURM KOENNEN
329,KOMMEN WIE-AUSSEHEN,NEU KOMMEN REGEN ABER MEHR ANGENEHM NASE LUFT
330,BERG SCHNEE,BERG REGION REGEN
331,WETTER BISSCHEN VERAENDERN BLEIBEN WOLKE TROCKEN WETTER,WETTER SO KNAPP VERAENDERN MEISTENS BLEIBEN WOLKE TROCKEN WETTER
332,HEUTE NACHT REGEN NORD SUEDOST,HEUTE NACHT MEHR SCHNEE NORD SUEDOST
333,IN-KOMMEND WETTER WECHSELHAFT,IN-KOMMEND WETTER WECHSELHAFT
334,NACHT REGION ZWANZIG GRAD MITTE BERG MOEGLICH GRAD,HEUTE NACHT RUHRGEBIET ZWANZIG GRAD MITTE BERG MOEGLICH ELF GRAD
335,MONTAG KOENNEN TIEF DRUCK REGION KUEHL MEER,MONTAG MEISTENS TIEF DRUCK REGION LUFT MEER LUFT KOMMEN
336,MORGEN IX MILD ZWOELF NORD ZWANZIG GRAD,MORGEN IX MILD ZWOELF NORD ZWEI GRAD
337,NACHT REGEN REGION DANN IM-VERLAUF SCHNEE SCHNEIEN SCHNEE SCHNEIEN,NACHT SCHNEE MEHR REGION KOMMEN DANN MORGEN SCHNEE SCHNEIEN NORDOST LANG SCHNEE SCHNEIEN
338,WIND LEICHT MAESSIG REGION REGION,NORMAL WIND LEICHT MAESSIG KOMMEN WEHEN
339,NORD SONNE WEITER GRENZE NORD,HOCH NORD SONNE DESHALB GRENZE HOCH TIEF
340,NUR NORD WOLKE,NUR NORD BISSCHEN WOLKE
341,WETTER WIE-AUSSEHEN MORGEN FREITAG SECHSTE SECHS ZEIGEN-BILDSCHIRM,JETZT WETTER WIE-AUSSEHEN MORGEN FREITAG SECHSTE MAI ZEIGEN-BILDSCHIRM
342,ABEND SEHEN,GUT ABEND LIEB ZUSCHAUER
343,SCHNEE NORD SCHNEE GRENZE SCHNEE,IX DANN SCHNEE KOENNEN ABEND DANN NORD SCHNEE FLACH SCHNEE
344,DONNERSTAG DANN MEHR WIND IX WIND REGEN GLEICH,DONNERSTAG DANN WIEDER MEHR WIND IX WIND KOMMEN ANFANG IX REGEN KOMMEN GLEICH
345,REGION FREUNDLICH,REGION LANG FREUNDLICH
346,NACHT FLUSS ACHT GRAD GRAD ALPEN MINUS SECHS,HEUTE NACHT RHEIN ACHT GRAD ALPEN MINUS SECHS
347,,DRUCK TIEF KOMMEN
348,REGION TROCKEN NACHT,REGION ANDERS MILD HINREICHEND HEUTE NACHT HINREICHEND SCHNEE
349,AB MITTAG KOMMEN STARK REGEN,AB MITTAG ZWISCHEN KOMMEN WOLKE MEISTENS REGEN
350,TIEF EUROPA DESHALB NORDWEST MORGEN GEWITTER,TIEF NORD EUROPA DIESE NORDWEST MORGEN SCHAUER SUEDOST GEWITTER
351,,ALPEN LANG SCHNEE
352,SUED REGION MEHR WOLKE MOEGLICH SCHNEE IM-VERLAUF,SUED REGION MEHR WOLKE FLUSS ALPEN MOEGLICH SCHNEE ABER IM-VERLAUF WENIGER
353,SCHNEE MEHR,SCHNEE MEHR KUESTE REGION
354,JETZT WETTER WIE-AUSSEHEN MORGEN VIER OKTOBER,JETZT WETTER WIE-AUSSEHEN MORGEN DREISSIG OKTOBER
355,AUCH NAH BERG BERG AUCH MOEGLICH NEBEL,AUCH NAH FLUSS UND ALPEN AUCH MOEGLICH NEBEL
356,SUED REGION IN-KOMMEND WIE-AUSSEHEN SCHON WECHSELHAFT SONNE WOLKE REGEN GEWITTER KOENNEN,UNTEN REGION IN-KOMMEND WIE-AUSSEHEN TEIL WECHSELHAFT SONNE WOLKE UNTERSCHIED GEWITTER KOENNEN
357,ZUSCHAUER GUT NACHT,LIEB ZUSCHAUER poss-EUCH GUT ABEND
358,HEUTE NACHT MITTE SCHAUER ALPEN,HEUTE NACHT NORD MITTE
359,LUFT KUEHL HOCH KUEHL,LUFT KUEHL REGION TIEF HOCH REGION KOMMEN KUEHL
360,TAG SONNE WECHSELHAFT SCHON AUCH LANG SONNE,TAG SONNE WOLKE WECHSELHAFT TEILWEISE AUCH LANG SONNE
361,REGION SUED FREUNDLICH NORD REGION AUCH SCHAUER GEWITTER,SUED MEHR FREUNDLICH IX NORD NICHT ORT AUCH SCHAUER GEWITTER KURZ
362,NORD MORGEN BEWOELKT REGEN,NORD MORGEN BEWOELKT REGION REGEN
363,IM-VERLAUF SCHNEE UMWANDELN REGEN TAG LEICHT REGEN VORSICHT GLATT MOEGLICH,IM-VERLAUF SCHNEE UMKEHREN REGEN ABER EIS REGEN VORSICHT STRASSE GLATT MOEGLICH
364,IX DOCH GEWITTER GEWITTER DEUTSCH WETTER DIENST WARNUNG SCHON INFORMIEREN,IM-MOMENT DOCH GEWITTER DEUTSCH WETTER DIENST WARNUNG SCHON FERTIG BEKANNTGEBEN
365,KOMMEN WOLKE KOMMEN KOENNEN SCHNEE SCHNEE,FRANKREICH KOMMEN TIEF KOMMEN WOLKE KOMMEN KOENNEN SCHNEE REGEN
366,AEHNLICH,WIE HERBST
367,OST VERSCHWINDEN STARK BESONDERS IN-KOMMEND KOENNEN GEWITTER REGEN REGION,OST DRUCKFLAECHE STARK BESONDERS IN-KOMMEND KOENNEN GEWITTER REGEN
368,NORD REGEN GEWITTER,HAUPTSAECHLICH NORD MITTE REGEN GEWITTER
369,SUEDOST FREUNDLICH BIS ACHT BIS PLUS ZWEI,SUEDOST SCHNEE REGION TROCKEN MINUS ACHT BIS PLUS EINS ZWISCHEN
370,TAGSUEBER DANN REGEN SUEDOST BISSCHEN FREUNDLICH,TAG DANN NORD REGION REGEN SUEDOST DOCH BISSCHEN FREUNDLICH
371,REGION SONNE WIND DANN ABEND IX REGEN BISSCHEN,OST REGION IX SONNE WAHRSCHEINLICH DANN ABEND IX REGEN IX
372,SUED MOEGLICH SONNE BLEIBEN TROCKEN,FLUSS SUED MOEGLICH SONNE BLEIBEN TROCKEN
373,SCHWUEL LUFT SCHWUEL,DAZU WARM LUFT TATSAECHLICH WARM HEISS NAECHSTE-WOCHE KUEHL
374,REGION EINS ZWANZIG VIERZEHN ACHTZEHN GRAD,WEST AUS FUENF ZWANZIG VIERZEHN BIS ACHTZEHN GRAD
375,HALLO GUT ABEND,HALLO GUT ABEND
376,SUED REGEN KOENNEN IX GEWITTER KOENNEN,SUED REGEN KOENNEN DABEI BLITZ DONNER
377,IM-VERLAUF NACHT NORD WOLKE BISSCHEN REGEN,IM-VERLAUF NACHT NORD WOLKE BISSCHEN REGEN
378,NACHMITTAG KOENNEN SONNE IX,NACHMITTAG KOENNEN SONNE KOENNEN
379,IX REGEN BESONDERS SUEDWEST REGION ABEND GEWITTER,IX SCHAUER SUEDWEST ABEND GEWITTER KOENNEN
380,LUFT WOLKE IX KLAR,EIN-PAAR HARMLOS NEBEL DANN KLAR
381,HEUTE REGION WAS NORD KOMMEN KOMMEN,HOFFEN REGION JETZT NORDOST VERLAUFEN VERSCHWINDEN
382,SAMSTAG MILD WECHSELHAFT,NAECHSTE WOCHE MILD ABER WECHSELHAFT
383,STURM ORKAN WIND IX MAESSIG,NACHT SEE SCHWER STURM MORGEN ORKAN HABEN DESHALB FRISCH MAESSIG WEHEN
384,DANN HAUPTSAECHLICH SCHNEE SCHNEIEN KOMMEN,DANN STARK SCHNEE SCHNEIEN KOMMEN
385,IX WIE-AUSSEHEN MORGEN FREITAG EINS DEZEMBER,JETZT WIE-AUSSEHEN WETTER MORGEN FREITAG ELF DEZEMBER
386,HEUTE NACHT ZWISCHEN FUENF TAG MITTE VIEL DREIZEHN NEUNZEHN GRAD,HEUTE NACHT ZWISCHEN FUENF ZWISCHEN TAG MITTE BERG DREIZEHN IX NEUNZEHN GRAD
387,WETTER WIE-AUSSEHEN MORGEN MITTWOCH ZWANZIG DONNERSTAG,JETZT WETTER WIE-AUSSEHEN MORGEN MITTWOCH EINS DREISSIG MAERZ
388,HEUTE NACHT NORD ZWOELF ALLGAEU VIER GRAD,HEUTE NACHT NORD ZWOELF LAND IX VIER GRAD
389,SCHWACH MAESSIG NORDWEST STARK WIND,MANCHMAL SCHWACH MAESSIG IX WIND IX WEST STARK WIND
390,JETZT WETTER MORGEN FREITAG ZWANZIG,JETZT WETTER MORGEN FREITAG DREI ZWANZIG JULI
391,WIND HIMMEL AUCH,WIND KUESTE AUCH
392,REST REGION KRAEFTIG WOLKE WOLKE BESONDERS KUESTE,REST REGION MEHR MEISTENS WOLKE BESONDERS KUESTE IX MEHR REGEN
393,IM-VERLAUF MITTE AUCH WOLKE,IM-VERLAUF MITTE AUCH WOLKE AUFLOESEN
394,MONTAG MEISTENS SCHAUER OST GEWITTER SUEDOST FREUNDLICH,MONTAG UEBERWIEGEND SCHAUER OST GEWITTER SUED WEST LANG FREUNDLICH
395,DIENSTAG RUHIG TROCKEN WETTER,DIENSTAG RUHIG TROCKEN WETTER
396,HOCH KOMMEN MORGEN NORD REGION,HOCH OST KOMMEN MORGEN SOLL EINFLUSS DEUTSCH LAND
397,MORGEN MEISTENS ZWEI SECHS GRAD ABER BAYERN REGION FROST MITTE AUCH,MORGEN MEISTENS ZWEI BIS SECHS GRAD ABER BAYERN REGION BISSCHEN KALT MITTE REGION AUCH
398,HEUTE NACHT WOLKE KOMMEN BLEIBEN KLAR KOENNEN SEHEN,NACHT WOLKE KOMMEN BLEIBEN KLAR HIMMEL STERN SEHEN
399,SUEDWEST WOLKE MORGEN VIER NEUN GRAD,SUEDWEST KLAR MORGEN VIER BIS NEUN GRAD
400,NACHT KOMMEN REGEN STARK OST SUEDOST KLAR HIMMEL IX STERN KOENNEN,NACHT KOMMEN REGEN STARK OST SUEDOST KLAR SEHEN STERN KOENNEN
401,HEUTE NACHT SCHON REGION LANGSAM KOMMEN NOCH,HEUTE NACHT SCHON WEST REGEN LANGSAM KOMMEN FLUSS REGION NOCH
402,ABEND FLUSS WEST MOEGLICH SCHNEE,ABEND FLUSS WEST REGION MOEGLICH REGEN
403,FLUSS HOCH,AUCH OBER FLUSS HOCH FLUSS FROST
404,NORD KOENNEN WEST WOLKE,NORD KOENNEN BEWOELKT
405,WUENSCHEN SCHOEN ABEND,JETZT WUENSCHEN SCHOEN ABEND
406,SUED SCHWACH WEHEN IX MAESSIG,SUED SCHWACH WEHEN IX MAESSIG WEHEN
407,MORGEN NORD REGEN SUED NEBEL WOLKE HIMMEL,MORGEN NORD WEST REGEN REGION NEBEL WOLKE HIMMEL
408,MILD ACHT GRAD,MILD ACHT BIS NEUN GRAD
409,NAH,BESONDERS NAH FLUSS NEBEL FELD
410,NACH MITTAG GEWITTER,MORGEN NACH MITTAG GEWITTER REGEN AUCH
411,MORGEN WETTER WIE-AUSSEHEN ZWOELF,MORGEN WETTER WIE-AUSSEHEN MITTWOCH ZWOELF MAI
412,IX IX KOENNEN BESONDERS NORD,IX REGEN KOENNEN BESONDERS NORD
413,SUED REGION MORGEN SCHON TAGSUEBER FUENFZEHN BIS VIER GRAD WARM,SUEDWEST KOMMEN WARM MORGEN SCHON FRANKREICH REGION FUENFZEHN BIS ZWANZIG GRAD WOCHENENDE KOMMEN WARM
414,HEUTE NACHT WOLKE MORGEN NACH MITTAG SEE BISSCHEN REGEN MILD LUFT,HEUTE NACHT AUFKLAREN MORGEN NACH MITTAG SCHON NORD SEE SCHON BISSCHEN REGEN IX MILD LUFT
415,HEUTE NACHT TROCKEN MEISTENS REGION,HEUTE-NACHT TROCKEN IX REGEN MEISTENS REGION
416,SUED FREUNDLICH MILD,SUED MEHR RUHIG FREUNDLICH BISSCHEN MILD
417,SEHEN REGEN DICK,DEUTSCHLAND ZWEI TEIL REGEN SCHWUEL FRISCH KUEHL
418,WAHRSCHEINLICH NORD GRAD BIS ZWANZIG GRAD REGION BIS ACHTZEHN GRAD OKTOBER,LANGSAM STEIGEN WARM FLUSS ACHTZEHN BIS ZWANZIG GRAD REGION ZWOELF BIS ACHTZEHN GRAD KUEHL poss-SEIN
419,FREITAG SUEDOST SONNE TIEF KOMMEN REGEN KOENNEN,FREITAG SUEDOST SONNE FREITAG DANN MEHR WOLKE REGEN KOENNEN
420,MORGEN NORD HEUTE,MORGEN MEHR WARM IX ALS HEUTE
421,HOCH MORGEN FREUNDLICH,HOCH KOMMEN OST KOMMEN ES-BEDEUTET MORGEN FREUNDLICH WETTER
422,WIND,WIND MAESSIG WEHEN
423,MORGEN REGEN NORDOST,MORGEN REGEN NORDOST SCHNELL VERSCHWINDEN SCHON SCHAUER
424,NACHT GRAD MEER ZWEI REGION,NACHT SECHS GRAD SEE MINUS DREI FLUSS
425,VORHER IM-VERLAUF REGEN NACHT REGION DEUTSCH LAND,LEIDER DURCHGEHEND DAUER REGEN NACHT SUED DEUTSCHLAND REGEN
426,SAMSTAG TEILWEISE WOLKE BLEIBEN TROCKEN,MITTWOCH TEIL SONNE TEIL WOLKE BLEIBEN TROCKEN
427,WETTER WIE-AUSSEHEN MORGEN,JETZT WETTER WIE-AUSSEHEN MORGEN
428,HEUTE WOLKE WAHRSCHEINLICH ODER HEUTE ORT LANG MEISTENS,IX NACHT WAHRSCHEINLICH LOCKER ORT NEBEL HABEN LANG BLEIBEN
429,NORD SUED TROCKEN IX,NORD FLUSS SUED TROCKEN IX
430,REGION,REGION NEBEL
431,SUEDWEST,SUEDWEST BISSCHEN SONNE
432,IX REGEN FREITAG ABEND SUED KOMMEN,ABER REGEN ERST FREITAG ABEND SUED KOMMEN REGEN
433,FREITAG MILD NORD REGEN BISSCHEN GRAD,FREITAG BISSCHEN VERSCHWINDEN BISSCHEN VERSCHWINDEN NORD BISSCHEN REGEN BISSCHEN STELLENWEISE VIERZEHN GRAD UNGEFAEHR
434,MORGEN NEUNZEHN REGION SIEBEN ZWANZIG GRAD,IX MORGEN NEUNZEHN GRAD REGION SIEBEN ZWANZIG GRAD
435,AUCH DANN VIEL REGEN KOMMEN OST OST,ABER IM-MOMENT DANN VIEL REGEN REGION OST REGION
436,MORGEN NORD,MORGEN WEST VERBREITEN
437,MORGEN TEMPERATUR SECHS GRAD FLUSS ACHT GRAD,MORGEN TEMPERATUR NULL BIS SIEBEN GRAD FLUSS MOEGLICH ACHT GRAD
438,JETZT WETTER MORGEN DIENSTAG SECHS SECHS JANUAR,UND JETZT WETTER MORGEN DIENSTAG SECHS ZWANZIG JANUAR
439,IN-KOMMEND WINTER KAUM PASSEN HEUTE SONNE NEBEL,SUED VERAENDERN KAUM WIE HEUTE SONNE ODER NEBEL
440,OST,OST NACHT GEFAHR WIND
441,IX WETTER KOMMEN,DARUNTER TAG IM-VERLAUF MEHR WARM
442,WIEDER WETTER FREUNDLICH,MORGEN WIEDER WETTER RUHIG FREUNDLICH WETTER HOCH DRUCK
443,DONNERSTAG STARK REGEN WIND,DONNERSTAG DEUTSCH LAND WECHSELHAFT UEBERWIEGEND REGEN MOEGLICH STARK WIND
444,EUROPA BIS IX FREITAG MEISTENS WETTER FREUNDLICH SONNE TEMPERATUR STEIGEN,HOCH REGION BIS FREITAG MEISTENS WETTER FREUNDLICH SONNE TEMPERATUR STEIGEN
445,JETZT WETTER VORAUS SAGEN MORGEN FREITAG VIER DEZEMBER,JETZT WETTER VORAUSSAGE MORGEN FREITAG VIER ZWANZIG DEZEMBER
446,MITTWOCH WEST WOLKE BIS SECHSZEHN,MITTWOCH WEST WOLKE ACHT BIS SECHSZEHN
447,REGEN GEWITTER SUEDWEST HEUTE REGION,GEWITTER ENORM SUEDWEST BIS-MORGEN NACHT KOMMEN
448,WEST NORDWEST,NORDWEST SPAETER AUFLOESEN
449,WIE-AUSSEHEN MORGEN MONTAG MAL SONNE WOLKE NORDWEST BISSCHEN SCHNEE,WIE-AUSSEHEN IN-KOMMEND MONTAG MAL SONNE MAL WOLKE WEST BISSCHEN SCHNEE
450,MORGEN TEIL REGEN TEIL SONNE OST SONNE,MORGEN TEIL UEBERWIEGEND WOLKE TEIL SONNE OST UEBERWIEGEND MEHR SONNE DABEI
451,WIE-AUSSEHEN WETTER MORGEN MITTWOCH EINS ZWANZIG,JETZT WIE-AUSSEHEN WETTER MORGEN MITTWOCH EINS ZWANZIG OKTOBER
452,WIE-AUSSEHEN NORD WEITER SEHEN SEHEN,IHR WUENSCHEN WISSEN SOMMER WEITER WIE LAUFEN WIE-AUSSEHEN DAMEN UND HERREN poss-EUCH
453,DESHALB EIS,DESHALB NAECHSTE WOCHE KOMMEN
454,SCHOEN ABEND,SCHOEN ABEND poss-EUCH
455,SCHOEN ABEND poss-EUCH,SCHOEN ABEND WUENSCHEN
456,TAG NORD REGEN FLUSS,TAG VIERZEHN NORD REGEN EINS ZWANZIG FLUSS
457,AUCH REGEN REGION BLEIBEN TROCKEN,NORD AUCH REGEN DABEI SUEDWEST BLEIBEN TROCKEN
458,TEMPERATUR IN-KOMMEND,TEMPERATUR IN-KOMMEND MEHR
459,JETZT WETTER WETTER WIE-AUSSEHEN MORGEN SAMSTAG OKTOBER,JETZT WETTER WIE-AUSSEHEN MORGEN SAMSTAG ZWEITE OKTOBER
460,FREITAG RUHIG KUEHL,FREITAG RUHIG MEHR KUEHL
461,MORGEN GEWITTER MEISTENS SUEDOST REGION BURG NORD REGEN,MORGEN GEWITTER MEISTENS WO SUEDOST REGION BRAND BURG IX NORD TEILWEISE REGEN
462,OST SAMSTAG GRAD NEBEL NUR ZWEI GRAD,WENN SONNE HABEN DANN SCHAFFEN ELF GRAD NEBEL NUR DREI GRAD
463,IX MORGEN HOCH ANFANG IX WOLKE KOMMEN OST,IX MORGEN IM-VERLAUF IX ANFANG FREUNDLICH ABER WOLKE KOMMEN OST
464,DIESE ZWISCHEN MORGEN WARM,IN-KOMMEND FRUEHLING WETTER MORGEN WARM
465,MORGEN OST OST GRAD FLUSS GRAD,MORGEN OST REGION ZWEI GRAD REGION DREIZEHN GRAD
466,WETTER WIE-AUSSEHEN MORGEN SONNTAG SECHS,WETTER WIE-AUSSEHEN MORGEN SONNTAG SECHS SEPTEMBER
467,OST SUEDOST SONNE NORDWEST MEISTENS WOLKE IX REGEN SUED AUCH SCHAUER,REGION SUEDOST SONNE NORDWEST UEBERWIEGEND WOLKE IX REGEN SUEDOST AUCH SCHAUER
468,NACHT TEIL FROST,NACHT TEIL BODEN FROST
469,NACHMITTAG FLUSS REGEN,AM-TAG REGION SCHNEE FLUSS REGEN
470,JETZT WETTER VORAUS MORGEN MONTAG EINS ZWANZIG JANUAR,JETZT WETTER VORAUS INFORMIEREN MORGEN MONTAG EINS DREISSIG JANUAR
471,WEST VERSCHWINDEN,WEST LANGSAM VERSCHWINDEN
472,TEMPERATUR SUED REGION VIER NEUNZEHN,MITTAG TEMPERATUR SUED WARM poss-MEIN NICHT
473,REGION SCHAUER,SONST REGION HAUPTSAECHLICH REGEN
474,TAG STARK WOLKE TEIL SCHNEE SCHNEIEN,TAG HAUPTSAECHLICH WOLKE NEBEL DANN TEIL SCHNEE SCHNEIEN REGEN
475,AB MONTAG DESHALB DEUTSCH KOMMEN REGEN,AB MONTAG DAS-IST-ES DEUTSCH EINFLUSS REGEN
476,IN-KOMMEND TAG GLATT KALT TEMPERATUR UNGEFAEHR NULL TAG ZEHN,IN-KOMMEND TAG BLEIBEN KALT MITTE EUROPA UNGEFAEHR NULL ZWISCHEN MITTE MEER ZEHN BIS FUENFZEHN
477,SCHOEN ABEND poss-EUCH GUT,SCHOEN ABEND WUENSCHEN MACHEN GUT WUENSCHEN
478,EINS ZEHN REGION ZWANZIG,MORGEN ZEHN BIS FUENFZEHN REGION SECHSZEHN BIS DREI ZWANZIG
479,SAMSTAG NORD REGEN KOENNEN WIND,SAMSTAG NORD SUEDOST REGEN ABER GLEICH ZEIT WIND
480,SCHOEN MEER REGION,SCHOEN WO MEER REGION
481,WEHEN REGION HIMMEL DEUTSCH SUED VIEL,REGEN REGION VIEL HIMMEL REGION SUEDWEST AUCH LOCH neg-WOLKE negalp-KEIN
482,NACH BESSER NORD TROCKEN,WEST FLUSS WEST REGION NACH MITTAG BESSER SONNE MOEGLICH
483,DIENSTAG MITTWOCH TIEF KOMMEN MOEGLICH REGEN GEWITTER,DIENSTAG MITTWOCH TIEF KOMMEN MOEGLICH REGEN GEWITTER
484,DIENSTAG REGEN KOENNEN GEWITTER UNWETTER REGEN HAGEL STURM KOENNEN,DIENSTAG KOMMEN REGEN KOENNEN GEWITTER UNWETTER REGEN HAGEL KRAEFTIG WIND KOENNEN
485,NACHT VIER GRAD SEE MINUS VIER,NACHT FUENF GRAD SEE MINUS VIER BERG IX
486,OST,OST SUEDOST UEBERWIEGEND WOLKE BISSCHEN SCHNEE
487,NACHT NULL FUENF BIS SIEBEN GRAD,NACHT NULL BIS ZEHN FLUSS BIS SIEBEN GRAD
488,TAG SUEDOST REGEN AUCH SCHNEE REGEN,TAG SUEDOST SCHNEE SCHNEIEN FLACH AUCH SCHNEE SCHNEIEN
489,HEUTE NACHT VIERZEHN BIS VIER GRAD BERG ZWISCHEN,HEUTE NACHT DREIZEHN BIS DREI GRAD ALPEN WAHRSCHEINLICH ZWISCHEN NULL
490,JETZT IN-KOMMEND IX REGEN GEWITTER KOENNEN STARK,JETZT IN-KOMMEND IX REGEN GEWITTER KOENNEN STARK
491,HEUTE NACHT KOENNEN IX REGEN GEWITTER ALPEN,DANN ABEND KOENNEN BISSCHEN REGEN GEWITTER BERG IX
492,WOCHENENDE WARM SONNE BIS GRAD STEIGEN,WOCHE WARM AUCH SONNE JEDEN-TAG GRAD STEIGEN
493,NEUN REGION MINUS SIEBEN NORD,NEUN GRAD REGION MINUS ACHT NORDOST
494,SAMSTAG SUEDWEST MEISTENS TROCKEN SONNE SCHAUER NORD DANN GEWITTER,SAMSTAG SUEDWEST UEBERWIEGEND TROCKEN IX SONNE SCHAUER NORDWEST DANN GEWITTER
495,NORD KOENNEN KOMMEN,NORD KALT KOMMEN ZONE DAZWISCHEN
496,OST KUEHL GRAD REGEN GRAD,OST WARM REGION BIS DREISSIG GRAD REGION UEBERSPRINGEN REGION KUEHL NUR FUENFZEHN SECHSZEHN GRAD
497,MORGEN SONNE KOMMEN,MORGEN SONNE IX KOMMEN
498,MORGEN WETTER WIE-AUSSEHEN DIENSTAG WIE-AUSSEHEN,JETZT MORGEN WETTER WIE-AUSSEHEN DIENSTAG DREISSIG MAERZ
499,OST REGION WARM ZWANZIG GRAD MEHR WARM,OST REGION ZUERST WARM VIER AUCH SUED BAYERN WARM
500,NACHT IX BISSCHEN REGEN NORD SCHNEE,NACHT IX BISSCHEN REGEN HOCH SCHNEE
501,MITTWOCH LANG GUT SONNE VIER SECHSZEHN BIS VIER ZWANZIG GRAD,MITTWOCH ALLE GUT SONNE SCHOEN SECHSZEHN BIS FUENF ZWANZIG GRAD
502,MORGEN IX WEHEN NORD FRISCH WIND,MORGEN IX WEHEN IX NORD FRISCH WIND
503,REGION REGION STARK WOLKE REGEN,MITTE ZONE neg-MOEGEN STARK WOLKE ODER REGEN
504,SCHOEN ABEND WUENSCHEN GUT,SCHOEN ABEND MACHEN poss-EUCH GUT
505,MORGEN SONNE KUESTE REGION WOLKE MOEGLICH VIEL,MORGEN SONNE UEBERALL KUESTE REGION WOLKE MOEGLICH REGEN neg-VIEL
506,MORGEN DEUTSCH SUED SECHSZEHN WOLKE REGION,MORGEN DEUTSCH LAND IX TIEF KOMMEN KUEHL KOMMEN
507,WIE-AUSSEHEN IN-KOMMEND SAMSTAG REGEN BESONDERS NORD SONNE,WIE-AUSSEHEN IN-KOMMEND SAMSTAG SCHNEE SCHNEIEN BESONDERS NORD WAHRSCHEINLICH SONNE
508,SUED WEHEN BISSCHEN WEHEN NORD STARK WEHEN MEER BERG STARK STURM MEER ALLE GRAD AUCH ORKAN,SUED WEHEN BISSCHEN WEHEN NORD FRISCH NATUR STARK STURM SEE MEER SCHWER STURM BERG E+R+Z BERG AUCH ORKAN
509,NORD WOLKE SONST NUR IX BISSCHEN NEBEL,NORDOST WIEDER WOLKE ABER SONST NUR BISSCHEN WOLKE
510,LAND BERG DREISSIG GRAD,KOELN REGION IX DREIZEHN GRAD ALPEN DREI GRAD
511,MITTE WOLKE MORGEN KOENNEN GEWITTER,MITTE REGION WOLKE MORGEN KOENNEN REGEN GEWITTER
512,NORD REGION SCHWACH SONNE,NORD REGION SCHWACH MAESSIG WIND
513,WEST REGEN GEWITTER,WEST MEHR SCHAUER GEWITTER
514,HEUTE NACHT PLUS ZWANZIG REGION FROST MINUS EINS,HEUTE NACHT PLUS DREI REGION NULL ZWISCHEN LEICHT FROST MINUS EINS MINUS ZWEI
515,KOENNEN NORD LUFT KOMMEN DIENSTAG TEMPERATUR STEIGEN FREUNDLICH,KOENNEN IX MEHR KUEHL KOMMEN AB DIENSTAG LUFT HOCH HOEHER TEMPERATUR HOEHER MEHR FREUNDLICH
516,WIND WIND SCHWACH MAESSIG FRISCH REGION STARK IX REGION IX STURM MOEGLICH,WIND MAESSIG FRISCH KUESTE IX STARK WENN GEWITTER IX DANN STURM MOEGLICH
517,MORGEN IX FREUNDLICH,MORGEN A HOCH KOMMEN REGION FREUNDLICH
518,NORDWEST HEUTE SONNE MEISTENS,NORDWEST IX AUCH KOMMEN SONNE MEISTENS
